model,L1,L2,L3,level_consistency,flip_rate,formula_rate,coordinate_rate,cluster,cognitive_style,boundary_definition
gpt-4o,0.22333333333333333,0.2733333333333333,0.4666666666666667,0.27444444444444444,0.16111111111111112,0.9511111111111111,0.3333333333333333,1,混合稳健型,主要边界是描述层级迁移不稳定，进入自然语言描述后结论一致性下降。
gpt-4o-mini,0.69,0.2733333333333333,0.2733333333333333,0.5755555555555555,0.14027777777777778,0.7088888888888889,0.33,0,视觉直觉型,主要边界是描述层级迁移不稳定，进入具体参数后结论一致性下降。
